Celsius;Temperature;None;Long
Celsius;Temperature;None;Short
Fahrenheit;Temperature;None;Long
Fahrenheit;Temperature;None;Short
Kelvin;Temperature;None;Long
Kelvin;Temperature;None;Short
Rankine;Temperature;None;Long
Rankine;Temperature;None;Short
Romer;Temperature;None;Long
Romer;Temperature;None;Short
Newton;Temperature;None;Long
Newton;Temperature;None;Short
Delisle;Temperature;None;Long
Delisle;Temperature;None;Short
Reaumur;Temperature;None;Long
Reaumur;Temperature;None;Short
Meter;Length;Yotta;Long
Meter;Length;Zetta;Long
Meter;Length;Exa;Long
Meter;Length;Peta;Long
Meter;Length;Tera;Long
Meter;Length;Giga;Long
Meter;Length;Mega;Long
Meter;Length;Quilo;Long
Meter;Length;Hecto;Long
Meter;Length;Deca;Long
Meter;Length;None;Long
Meter;Length;Deci;Long
Meter;Length;Centi;Long
Meter;Length;Mili;Long
Meter;Length;Micro;Long
Meter;Length;Nano;Long
Meter;Length;Pico;Long
Meter;Length;Femto;Long
Meter;Length;Atto;Long
Meter;Length;Zepto;Long
Meter;Length;Yocto;Long
Meter;Length;Yotta;Short
Meter;Length;Zetta;Short
Meter;Length;Exa;Short
Meter;Length;Peta;Short
Meter;Length;Tera;Short
Meter;Length;Giga;Short
Meter;Length;Mega;Short
Meter;Length;Quilo;Short
Meter;Length;Hecto;Short
Meter;Length;Deca;Short
Meter;Length;None;Short
Meter;Length;Deci;Short
Meter;Length;Centi;Short
Meter;Length;Mili;Short
Meter;Length;Micro;Short
Meter;Length;Nano;Short
Meter;Length;Pico;Short
Meter;Length;Femto;Short
Meter;Length;Atto;Short
Meter;Length;Zepto;Short
Meter;Length;Yocto;Short
Inch;Length;Yotta;Long
Inch;Length;Zetta;Long
Inch;Length;Exa;Long
Inch;Length;Peta;Long
Inch;Length;Tera;Long
Inch;Length;Giga;Long
Inch;Length;Mega;Long
Inch;Length;Quilo;Long
Inch;Length;Hecto;Long
Inch;Length;Deca;Long
Inch;Length;None;Long
Inch;Length;Deci;Long
Inch;Length;Centi;Long
Inch;Length;Mili;Long
Inch;Length;Micro;Long
Inch;Length;Nano;Long
Inch;Length;Pico;Long
Inch;Length;Femto;Long
Inch;Length;Atto;Long
Inch;Length;Zepto;Long
Inch;Length;Yocto;Long
Inch;Length;Yotta;Short
Inch;Length;Zetta;Short
Inch;Length;Exa;Short
Inch;Length;Peta;Short
Inch;Length;Tera;Short
Inch;Length;Giga;Short
Inch;Length;Mega;Short
Inch;Length;Quilo;Short
Inch;Length;Hecto;Short
Inch;Length;Deca;Short
Inch;Length;None;Short
Inch;Length;Deci;Short
Inch;Length;Centi;Short
Inch;Length;Mili;Short
Inch;Length;Micro;Short
Inch;Length;Nano;Short
Inch;Length;Pico;Short
Inch;Length;Femto;Short
Inch;Length;Atto;Short
Inch;Length;Zepto;Short
Inch;Length;Yocto;Short
Foot;Length;Yotta;Long
Foot;Length;Zetta;Long
Foot;Length;Exa;Long
Foot;Length;Peta;Long
Foot;Length;Tera;Long
Foot;Length;Giga;Long
Foot;Length;Mega;Long
Foot;Length;Quilo;Long
Foot;Length;Hecto;Long
Foot;Length;Deca;Long
Foot;Length;None;Long
Foot;Length;Deci;Long
Foot;Length;Centi;Long
Foot;Length;Mili;Long
Foot;Length;Micro;Long
Foot;Length;Nano;Long
Foot;Length;Pico;Long
Foot;Length;Femto;Long
Foot;Length;Atto;Long
Foot;Length;Zepto;Long
Foot;Length;Yocto;Long
Foot;Length;Yotta;Short
Foot;Length;Zetta;Short
Foot;Length;Exa;Short
Foot;Length;Peta;Short
Foot;Length;Tera;Short
Foot;Length;Giga;Short
Foot;Length;Mega;Short
Foot;Length;Quilo;Short
Foot;Length;Hecto;Short
Foot;Length;Deca;Short
Foot;Length;None;Short
Foot;Length;Deci;Short
Foot;Length;Centi;Short
Foot;Length;Mili;Short
Foot;Length;Micro;Short
Foot;Length;Nano;Short
Foot;Length;Pico;Short
Foot;Length;Femto;Short
Foot;Length;Atto;Short
Foot;Length;Zepto;Short
Foot;Length;Yocto;Short
Yard;Length;Yotta;Long
Yard;Length;Zetta;Long
Yard;Length;Exa;Long
Yard;Length;Peta;Long
Yard;Length;Tera;Long
Yard;Length;Giga;Long
Yard;Length;Mega;Long
Yard;Length;Quilo;Long
Yard;Length;Hecto;Long
Yard;Length;Deca;Long
Yard;Length;None;Long
Yard;Length;Deci;Long
Yard;Length;Centi;Long
Yard;Length;Mili;Long
Yard;Length;Micro;Long
Yard;Length;Nano;Long
Yard;Length;Pico;Long
Yard;Length;Femto;Long
Yard;Length;Atto;Long
Yard;Length;Zepto;Long
Yard;Length;Yocto;Long
Yard;Length;Yotta;Short
Yard;Length;Zetta;Short
Yard;Length;Exa;Short
Yard;Length;Peta;Short
Yard;Length;Tera;Short
Yard;Length;Giga;Short
Yard;Length;Mega;Short
Yard;Length;Quilo;Short
Yard;Length;Hecto;Short
Yard;Length;Deca;Short
Yard;Length;None;Short
Yard;Length;Deci;Short
Yard;Length;Centi;Short
Yard;Length;Mili;Short
Yard;Length;Micro;Short
Yard;Length;Nano;Short
Yard;Length;Pico;Short
Yard;Length;Femto;Short
Yard;Length;Atto;Short
Yard;Length;Zepto;Short
Yard;Length;Yocto;Short
Mile;Length;Yotta;Long
Mile;Length;Zetta;Long
Mile;Length;Exa;Long
Mile;Length;Peta;Long
Mile;Length;Tera;Long
Mile;Length;Giga;Long
Mile;Length;Mega;Long
Mile;Length;Quilo;Long
Mile;Length;Hecto;Long
Mile;Length;Deca;Long
Mile;Length;None;Long
Mile;Length;Deci;Long
Mile;Length;Centi;Long
Mile;Length;Mili;Long
Mile;Length;Micro;Long
Mile;Length;Nano;Long
Mile;Length;Pico;Long
Mile;Length;Femto;Long
Mile;Length;Atto;Long
Mile;Length;Zepto;Long
Mile;Length;Yocto;Long
Mile;Length;Yotta;Short
Mile;Length;Zetta;Short
Mile;Length;Exa;Short
Mile;Length;Peta;Short
Mile;Length;Tera;Short
Mile;Length;Giga;Short
Mile;Length;Mega;Short
Mile;Length;Quilo;Short
Mile;Length;Hecto;Short
Mile;Length;Deca;Short
Mile;Length;None;Short
Mile;Length;Deci;Short
Mile;Length;Centi;Short
Mile;Length;Mili;Short
Mile;Length;Micro;Short
Mile;Length;Nano;Short
Mile;Length;Pico;Short
Mile;Length;Femto;Short
Mile;Length;Atto;Short
Mile;Length;Zepto;Short
Mile;Length;Yocto;Short
League;Length;Yotta;Long
League;Length;Zetta;Long
League;Length;Exa;Long
League;Length;Peta;Long
League;Length;Tera;Long
League;Length;Giga;Long
League;Length;Mega;Long
League;Length;Quilo;Long
League;Length;Hecto;Long
League;Length;Deca;Long
League;Length;None;Long
League;Length;Deci;Long
League;Length;Centi;Long
League;Length;Mili;Long
League;Length;Micro;Long
League;Length;Nano;Long
League;Length;Pico;Long
League;Length;Femto;Long
League;Length;Atto;Long
League;Length;Zepto;Long
League;Length;Yocto;Long
League;Length;Yotta;Short
League;Length;Zetta;Short
League;Length;Exa;Short
League;Length;Peta;Short
League;Length;Tera;Short
League;Length;Giga;Short
League;Length;Mega;Short
League;Length;Quilo;Short
League;Length;Hecto;Short
League;Length;Deca;Short
League;Length;None;Short
League;Length;Deci;Short
League;Length;Centi;Short
League;Length;Mili;Short
League;Length;Micro;Short
League;Length;Nano;Short
League;Length;Pico;Short
League;Length;Femto;Short
League;Length;Atto;Short
League;Length;Zepto;Short
League;Length;Yocto;Short